ProjectID,ProjectName,ProjectDescription
project_alpha,Alpha Initiative,"Revolutionizing customer experience through AI-driven solutions."
project_beta,BetaX Platform,"Building a scalable platform for data analytics and visualization."
project_gamma,GammaTech Integration,"Integrating cutting-edge technology into everyday business operations."
project_delta,Delta Innovations,"Pioneering breakthroughs in renewable energy technologies."
project_epsilon,Epsilon Connect,"Connecting communities through innovative social networking solutions."
project_zeta,Zeta Logistics Optimization,"Optimizing logistics and supply chain management for efficiency."
project_eta,Eta Health Solutions,"Transforming healthcare with personalized digital solutions."
project_theta,Theta Financial Insights,"Providing actionable insights for financial decision-making."
project_iota,Iota Secure Networks,"Securing data and communications through advanced network solutions."
project_kappa,Kappa Learning Platform,"Empowering lifelong learning with an interactive education platform."